{
  "captured_at": "2026-05-09T10:04:58.290342+00:00",
  "git": {
    "branch": "develop",
    "sha": "0c4f324bc886fb3226c11b06b25a3922cf344f43",
    "describe": "v0.2.6-3-g0c4f324"
  },
  "host": {
    "uname": "Darwin 25.4.0",
    "arch": "arm64"
  },
  "criterion_root": "target/criterion",
  "corpus_filter": 1000,
  "benches": {
    "auto_context/no_query_n=1000": {
      "samples": 50,
      "min_ns": 214959.12918660286,
      "max_ns": 218485.8947368421,
      "p50_ns": 215507.41099071206,
      "p95_ns": 216608.65147058823,
      "p99_ns": 218145.73157894737,
      "mean_ns": 215662.81272591228,
      "median_ns": 215507.41099071206,
      "stddev_ns": 632.9586858320564
    },
    "auto_context/with_query_n=1000": {
      "samples": 50,
      "min_ns": 395422.23333333334,
      "max_ns": 399777.1551724138,
      "p50_ns": 398205.52249999996,
      "p95_ns": 399412.7897368421,
      "p99_ns": 399635.224137931,
      "mean_ns": 398027.60168893286,
      "median_ns": 398205.52249999996,
      "stddev_ns": 948.1870981929651
    },
    "cold_start/from_snapshot_n=1000": {
      "samples": 20,
      "min_ns": 1438243.6974789917,
      "max_ns": 2290800.0,
      "p50_ns": 1449271.7583419331,
      "p95_ns": 1545742.941176471,
      "p99_ns": 2141788.588235293,
      "mean_ns": 1502003.0423389096,
      "median_ns": 1449271.7583419331,
      "stddev_ns": 187028.44018478182
    },
    "cold_start/from_wal_replay_n=1000": {
      "samples": 20,
      "min_ns": 1437040.4411764706,
      "max_ns": 1561140.1497326202,
      "p50_ns": 1443533.2529411765,
      "p95_ns": 1514758.5393493762,
      "p99_ns": 1551863.8276559713,
      "mean_ns": 1455937.2223223615,
      "median_ns": 1443533.2529411765,
      "stddev_ns": 30058.665670336293
    },
    "recall/k=10_n=1000_committed": {
      "samples": 50,
      "min_ns": 161195.3679078014,
      "max_ns": 167514.925,
      "p50_ns": 165315.68780525032,
      "p95_ns": 166992.29947916666,
      "p99_ns": 167435.68712634407,
      "mean_ns": 165092.01158102008,
      "median_ns": 165315.68780525032,
      "stddev_ns": 1386.41791736489
    },
    "recall/k=10_n=1000_pending": {
      "samples": 50,
      "min_ns": 161687.5,
      "max_ns": 168744.79166666666,
      "p50_ns": 164751.19383571856,
      "p95_ns": 167322.7056186869,
      "p99_ns": 168576.9203888889,
      "mean_ns": 165020.0109098351,
      "median_ns": 164751.19383571856,
      "stddev_ns": 1410.531386956894
    },
    "remember/after_prefill_n=1000": {
      "samples": 50,
      "min_ns": 3409479.0,
      "max_ns": 4701508.4,
      "p50_ns": 3922896.758816425,
      "p95_ns": 4108620.9721153844,
      "p99_ns": 4455631.806333332,
      "mean_ns": 3918685.690369759,
      "median_ns": 3922896.758816425,
      "stddev_ns": 175246.75754370706
    }
  }
}
